﻿Designator,Quantity,Value,Footprint,Package,MPN,DNP,Mount_Type,Description,Manf#,Manf
"C1, C5, C6, C7, C8, C9",6,100nF,C_0805_2012Metric_Pad1.18x1.45mm_HandSolder,0805,100nF/10+V,,smt,"±10%, 10V",,
"C10, C4",2,10uF,C_0805_2012Metric_Pad1.18x1.45mm_HandSolder,0805,10uF/10+V,,smt,"±10%, 10V",,
"C2, C3",2,22pF,C_0805_2012Metric_Pad1.18x1.45mm_HandSolder,0805,22pF/10+V C0G,,smt,"±5%, 10V, C0G",,
D1,1,ACT,LED_0805_2012Metric_Pad1.15x1.40mm_HandSolder,0805,,,smt,"Light emitting diode, any color",,
J3,1,SWD,PinHeader_1x04_P2.54mm_Vertical,,,Y,tht,"Generic connector, single row, 01x04, script generated",,
J4,1,JTAG,PinHeader_1x06_P2.54mm_Horizontal,,,Y,tht,"Generic connector, single row, 01x06, script generated",,
"R3, R7, R8",3,10K,R_0805_2012Metric_Pad1.20x1.40mm_HandSolder,0805,10K,,smt,"Resistor, small symbol",,
R6,1,1K,R_0805_2012Metric_Pad1.20x1.40mm_HandSolder,0805,1K,,smt,"Resistor, small symbol",,
"RN1, RN2",2,10K,R_Array_Convex_4x0612,1206,4x10K,,smt,"4 resistor network, parallel topology",,
U1,1,32F103C8T6,LQFP-48_7x7mm_P0.5mm,LQFP-48,GD32F103C8T6,,smt,"STMicroelectronics Arm Cortex-M3 MCU, 64KB flash, 20KB RAM, 72 MHz, 2.0-3.6V, 37 GPIO, LQFP48",,
XS1,1,uSD_push_push,Conn_uSDcard,,,,tht,,_,Ebay / https://aliexpress.com/item/1005002829329826.html
Y1,1,8Mhz,Crystal_SMD_HC49-SD,HC49-SD,8Mhz,,smt,"Two pin crystal, small symbol",,
