﻿pos_x,pos_y,rotation,side,designator,mpn,pack,footprint,value,mount_type
202.184,-72.39,0.0,top,C1,,,C_0805_2012Metric_Pad1.18x1.45mm_HandSolder,100nF,smt
184.658,-85.344,90.0,top,C10,,,C_0805_2012Metric_Pad1.18x1.45mm_HandSolder,10uF,smt
192.024,-78.74,0.0,top,C2,,,C_0805_2012Metric_Pad1.18x1.45mm_HandSolder,22pF,smt
196.596,-78.74,180.0,top,C3,,,C_0805_2012Metric_Pad1.18x1.45mm_HandSolder,22pF,smt
198.374,-59.69,0.0,top,C4,,,C_0805_2012Metric_Pad1.18x1.45mm_HandSolder,10uF,smt
198.374,-61.976,0.0,top,C5,,,C_0805_2012Metric_Pad1.18x1.45mm_HandSolder,100nF,smt
199.898,-66.04,-45.0,top,C6,,,C_0805_2012Metric_Pad1.18x1.45mm_HandSolder,100nF,smt
188.722,-66.04,45.0,top,C7,,,C_0805_2012Metric_Pad1.18x1.45mm_HandSolder,100nF,smt
188.722,-76.454,135.0,top,C8,,,C_0805_2012Metric_Pad1.18x1.45mm_HandSolder,100nF,smt
199.898,-76.454,-135.0,top,C9,,,C_0805_2012Metric_Pad1.18x1.45mm_HandSolder,100nF,smt
203.2,-76.978,90.0,top,D1,,,LED_0805_2012Metric_Pad1.15x1.40mm_HandSolder,ACT,smt
184.658,-59.69,0.0,top,J3,,,PinHeader_1x04_P2.54mm_Vertical,SWD,tht
200.406,-86.614,-90.0,top,J4,,,PinHeader_1x06_P2.54mm_Horizontal,JTAG,tht
202.184,-70.104,0.0,top,R3,,,R_0805_2012Metric_Pad1.20x1.40mm_HandSolder,10K,smt
203.2,-80.788,-90.0,top,R6,,,R_0805_2012Metric_Pad1.20x1.40mm_HandSolder,1K,smt
187.706,-60.68,-90.0,top,R7,,,R_0805_2012Metric_Pad1.20x1.40mm_HandSolder,10K,smt
189.992,-60.68,-90.0,top,R8,,,R_0805_2012Metric_Pad1.20x1.40mm_HandSolder,10K,smt
202.884,-53.086,180.0,top,RN1,,,R_Array_Convex_4x0612,10K,smt
184.212,-53.086,0.0,top,RN2,,,R_Array_Convex_4x0612,10K,smt
194.122646,-71.031146,90.0,top,U1,,,LQFP-48_7x7mm_P0.5mm,32F103C8T6,smt
193.548,-46.652,180.0,top,XS1,,,Conn_uSDcard,uSD_push_push,tht
195.326,-82.55,0.0,top,Y1,,,Crystal_SMD_HC49-SD,8Mhz,smt
